method,species_selectivity,disease_selectivity
Neuron basis,0.11425503655074254,0.06360300313128099
Standard SAE,0.13039067402617846,0.12745159461822667
MSAE,0.1431666002317797,0.13363785733235997
