{
  "trigger": false,
  "msae_mean": 0.13363785733236,
  "neuron_mean": 0.06360300313128103,
  "gap": 0.07003485420107897,
  "threshold": 0.05
}